{
  "optimal_config": {
    "N_Rib": 19,
    "t_rib_mm": 1.0,
    "rib_spacing_mm": 107.73684210526315,
    "X_FS_percent": 15.0,
    "X_RS_percent": 60.0,
    "d_FS_outer_mm": 24.0,
    "t_FS_mm": 1.0,
    "d_RS_outer_mm": 14.0,
    "t_RS_mm": 1.0,
    "Lambda_FS_deg": 4.043518568347894,
    "Lambda_RS_deg": -13.896782225369702,
    "eta_FS_percent": 77.77777777777779,
    "eta_RS_percent": 22.22222222222222,
    "X_FS_mm": 67.5,
    "X_RS_mm": 270.0,
    "L_FS_mm": 2052.108149627922,
    "L_RS_mm": 2108.7223638199393,
    "A_Act_FS_mm2": 72.2566310325653,
    "A_Act_RS_mm2": 40.84070449666732,
    "A_Cri_FS_mm2": 4.218474141012251,
    "A_Cri_RS_mm2": 2.0661914160059998,
    "I_FS_mm4": 4787.001805907451,
    "I_RS_mm4": 867.8649705541806,
    "L_Skin_LE_FS_mm": 171.36520812836818,
    "L_Skin_LE_RS_mm": 554.4962679630145,
    "L_Skin_FS_RS_mm": 383.13105983464624,
    "S_Rib_LE_FS_mm2": 3442.5000000000005,
    "S_Rib_FS_RS_mm2": 10327.5,
    "S_Rib_mm2": 13770.000000000002,
    "t_skin_mm": 1.2,
    "S_skin_m2": 1.2384349999999997
  },
  "mass_breakdown": {
    "m_skin": 1.8576524999999993,
    "m_FS": 0.22241763210987758,
    "m_RS": 0.1291825603894259,
    "m_ribs": 0.21802062460311136,
    "m_total": 2.4272733171024146
  },
  "stress_results": {
    "tau_skin_max_MPa": 1.305300778353774,
    "tau_skin_allow_MPa": 7.894736842105264,
    "tau_skin_margin_percent": 83.46619014085219,
    "sigma_b_FS_max_MPa": 527.8950900568836,
    "tau_FS_max_MPa": 47.30984128028863,
    "sigma_vm_FS_max_MPa": 534.2170807378436,
    "sigma_FS_allow_MPa": 547.3684210526316,
    "sigma_FS_margin_percent": 2.402648711355508,
    "sigma_b_RS_max_MPa": 485.29722079890007,
    "tau_RS_max_MPa": 43.49222965359869,
    "sigma_vm_RS_max_MPa": 491.1090659271731,
    "sigma_RS_allow_MPa": 547.3684210526316,
    "sigma_RS_margin_percent": 10.278151417151077,
    "y_crit_mm": 0.0,
    "critical_component": "Front Spar",
    "theta_tip_deg": 1.359472405761679,
    "theta_max_deg": 2.0,
    "M_root_Nm": 270.7537231534263,
    "d_FS_mm": 24.0,
    "t_FS_mm": 1.0,
    "d_RS_mm": 14.0,
    "t_RS_mm": 1.0,
    "eta_FS": 0.7777777777777778,
    "eta_RS": 0.2222222222222222
  },
  "root_reactions": {
    "Fx_N": 0.0,
    "Fy_N": 0.0,
    "Fz_N": 282.18246994612207,
    "Mx_Nm": 270.7537231534263,
    "My_Nm": -48.52977763841497,
    "Mz_Nm": 0.0
  },
  "materials": {
    "Spar": "Carbon Fiber UD (longitudinal)",
    "Skin": "PLA (3D Print)",
    "Rib": "PLA (3D Print)"
  },
  "box_beam": {
    "I_box_root_mm4": 22819.511138530597,
    "I_FS_mm4": 4787.001805907451,
    "I_RS_mm4": 867.8649705541806,
    "skin_fraction": 0.7521915898139718
  },
  "buckling": {
    "tau_cr_min_MPa": 0.6976516302399485,
    "sigma_cr_min_MPa": 0.5581213041919587,
    "sigma_skin_comp_max_MPa": 10.954677146031031,
    "R_combined_max": 0.9993425816979287,
    "N_Rib_final": 19,
    "rib_feasible": true
  },
  "optimization_history": {
    "total": 420,
    "accepted": 20,
    "rejection_reasons": {
      "FS interaction exceeded": 140,
      "RS interaction exceeded": 40
    }
  }
}