{
  "optimal_config": {
    "N_Rib": 12,
    "t_rib_mm": 1.0,
    "rib_spacing_mm": 216.45833333333334,
    "X_FS_percent": 20.0,
    "X_RS_percent": 40.0,
    "d_FS_outer_mm": 18.0,
    "t_FS_mm": 0.5,
    "d_RS_outer_mm": 10.0,
    "t_RS_mm": 0.5,
    "Lambda_FS_deg": 1.5801724728000144,
    "Lambda_RS_deg": -4.730938623779238,
    "eta_FS_percent": 75.0,
    "eta_RS_percent": 25.0,
    "X_FS_mm": 168.33161859878533,
    "X_RS_mm": 336.66323719757065,
    "L_FS_mm": 2953.664504837061,
    "L_RS_mm": 2962.63498666462,
    "A_Act_FS_mm2": 27.48893571891072,
    "A_Act_RS_mm2": 14.922565104551508,
    "A_Cri_FS_mm2": 20.484754150702425,
    "A_Cri_RS_mm2": 12.290852490421456,
    "I_FS_mm4": 1053.1698497307666,
    "I_RS_mm4": 168.8115177452389,
    "L_Skin_LE_FS_mm": 382.2383983124476,
    "L_Skin_LE_RS_mm": 701.9295039077833,
    "L_Skin_FS_RS_mm": 319.6911055953357,
    "S_Rib_LE_FS_mm2": 24085.203747073883,
    "S_Rib_FS_RS_mm2": 24085.203747073883,
    "S_Rib_mm2": 48170.40749414777
  },
  "mass_breakdown": {
    "m_skin": 4.755,
    "m_FS": 0.11428747836131448,
    "m_RS": 0.062230199093381,
    "m_ribs": 0.37425103270355564,
    "m_total": 5.305768710158251
  },
  "stress_results": {
    "tau_skin_max_MPa": 0.3555597056988942,
    "tau_skin_allow_MPa": 30.0,
    "tau_skin_margin_percent": 98.81480098100369,
    "sigma_b_FS_max_MPa": 138.56779251853197,
    "tau_FS_max_MPa": 65.86420648235757,
    "sigma_vm_FS_max_MPa": 179.48625075506712,
    "sigma_FS_allow_MPa": 1500.0,
    "sigma_FS_margin_percent": 88.0342499496622,
    "sigma_b_RS_max_MPa": 76.98210695473999,
    "tau_RS_max_MPa": 76.09428613394205,
    "sigma_vm_RS_max_MPa": 152.63441924380544,
    "sigma_RS_allow_MPa": 1500.0,
    "sigma_RS_margin_percent": 89.82437205041298,
    "y_crit_mm": 0.0,
    "critical_component": "Front Spar",
    "theta_tip_deg": 0.486107665198229,
    "theta_max_deg": 2.0,
    "M_root_Nm": 844.1875,
    "d_FS_mm": 18.0,
    "t_FS_mm": 0.5,
    "d_RS_mm": 10.0,
    "t_RS_mm": 0.5,
    "eta_FS": 0.75,
    "eta_RS": 0.25
  },
  "root_reactions": {
    "Fx_N": 0.0,
    "Fy_N": 0.0,
    "Fz_N": 649.9999999999999,
    "Mx_Nm": 844.1875,
    "My_Nm": -20.552947094417988,
    "Mz_Nm": 0.0
  },
  "materials": {
    "Spar": "Carbon Fiber UD (longitudinal)",
    "Skin": "PLA (3D Print)",
    "Rib": "PLA (3D Print)"
  },
  "box_beam": {
    "I_box_root_mm4": 54830.11139824494,
    "I_FS_mm4": 1053.1698497307666,
    "I_RS_mm4": 168.8115177452389,
    "skin_fraction": 0.9777133159806944
  },
  "buckling": {
    "tau_cr_min_MPa": 0.5427786919788778,
    "sigma_cr_min_MPa": 0.4065757992351145,
    "sigma_skin_comp_max_MPa": 28.556744395435302,
    "R_combined_max": 70.66631745823251,
    "N_Rib_final": 12,
    "rib_feasible": true
  },
  "optimization_history": {
    "total": 138240,
    "accepted": 20,
    "rejection_reasons": {
      "RS area insufficient": 240,
      "RS interaction exceeded": 2730,
      "FS interaction exceeded": 34875,
      "Twist exceeded": 5760
    }
  }
}