Bay,y_start[m],y_end[m],spacing[mm],y_mid[m],chord_mid[mm],h_box_mid[mm],A_m_mid[mm2],V_mid[N],M_mid[N.m],T_mid[N.m],tau_skin[MPa],sigma_comp[MPa],tau_allow[MPa],sigma_allow[MPa],tau_cr[MPa],sigma_cr[MPa],R_combined,MoS_shear_allow,MoS_shear_buckle,MoS_comp_allow,MoS_comp_buckle,sigma_vm_FS[MPa],sigma_vm_RS[MPa],pass_shear_buckle,pass_comp_buckle,pass_combined,pass_shear_allow,pass_comp_allow,pass_all
1,0.000000,0.223836,223.84,0.111918,441.48,75.05,11598.98,274.39,265.8768,-25.7292,0.9439,19.2331,30.0000,50.0000,0.9505,0.7604,26.278428,31.7831,1.0070,2.5997,0.0395,234.4055,212.5996,True,True,True,True,True,True
2,0.223836,0.451669,227.83,0.337752,424.04,72.09,10699.00,242.36,207.1019,-22.5651,0.9023,16.3718,30.0000,50.0000,0.9175,0.7340,23.272635,33.2477,1.0168,3.0540,0.0448,205.1932,186.2886,True,True,True,True,True,True
3,0.451669,0.685287,233.62,0.568478,406.23,69.06,9821.15,209.63,155.3783,-19.3807,0.8516,13.4957,30.0000,50.0000,0.8726,0.6981,20.284908,35.2274,1.0247,3.7049,0.0517,174.6963,159.3387,True,True,True,True,True,True
4,0.685287,0.929880,244.59,0.807583,387.77,65.92,8948.81,175.72,109.2517,-16.1238,0.7891,10.6218,30.0000,50.0000,0.7961,0.6368,17.661473,38.0164,1.0088,4.7073,0.0600,142.7745,131.4697,True,True,True,True,True,True
5,0.929880,1.187226,257.35,1.058553,368.40,62.63,8076.77,140.12,69.5556,-12.7559,0.7070,7.7837,30.0000,50.0000,0.7191,0.5753,14.496705,42.4336,1.0171,6.4237,0.0739,109.4390,102.5318,True,True,True,True,True,True
6,1.187226,1.465819,278.59,1.326522,347.71,59.11,7195.41,102.12,37.1166,-9.2174,0.6019,5.0375,30.0000,50.0000,0.6136,0.4909,11.224210,49.8455,1.0195,9.9255,0.0974,75.0372,72.4295,True,True,True,True,True,True
7,1.465819,1.787915,322.10,1.626867,324.52,55.17,6268.77,59.52,13.0002,-5.3223,0.4545,2.5725,30.0000,50.0000,0.4590,0.3672,7.985194,66.0071,1.0100,19.4365,0.1428,39.9792,40.5002,True,True,True,True,True,True
8,1.787915,2.046500,258.58,1.917208,302.11,51.36,5432.39,18.34,1.5637,-1.6257,0.2317,0.6173,30.0000,50.0000,0.7122,0.5698,1.189248,129.4915,3.0743,80.9934,0.9230,11.2651,12.0138,True,True,True,True,True,True