{
  "optimal_config": {
    "N_Rib": 8,
    "t_rib_mm": 1.0,
    "rib_spacing_mm": 255.8125,
    "X_FS_percent": 15.0,
    "X_RS_percent": 50.0,
    "d_FS_outer_mm": 16.0,
    "t_FS_mm": 0.5,
    "d_RS_outer_mm": 10.0,
    "t_RS_mm": 0.5,
    "Lambda_FS_deg": 1.7685429276696696,
    "Lambda_RS_deg": -4.414008856734082,
    "eta_FS_percent": 71.42857142857143,
    "eta_RS_percent": 28.57142857142857,
    "X_FS_mm": 67.51754278222354,
    "X_RS_mm": 225.05847594074515,
    "L_FS_mm": 2047.4753043055757,
    "L_RS_mm": 2052.5880488745324,
    "A_Act_FS_mm2": 24.347343065320892,
    "A_Act_RS_mm2": 14.922565104551508,
    "A_Cri_FS_mm2": 6.159267128075457,
    "A_Cri_RS_mm2": 3.941930961968292,
    "I_FS_mm4": 731.9420009012105,
    "I_RS_mm4": 168.8115177452389,
    "L_Skin_LE_FS_mm": 156.83466302672866,
    "L_Skin_LE_RS_mm": 459.65747744488596,
    "L_Skin_FS_RS_mm": 302.8228144181573,
    "S_Rib_LE_FS_mm2": 5166.43439446264,
    "S_Rib_FS_RS_mm2": 12055.013587079491,
    "S_Rib_mm2": 17221.44798154213,
    "t_skin_mm": 1.2,
    "S_skin_m2": 1.519
  },
  "mass_breakdown": {
    "m_skin": 2.2784999999999997,
    "m_FS": 0.07477587547755021,
    "m_RS": 0.04594481818823183,
    "m_ribs": 0.1252829869217858,
    "m_total": 2.524503680587568
  },
  "stress_results": {
    "tau_skin_max_MPa": 0.943897426737759,
    "tau_skin_allow_MPa": 30.0,
    "tau_skin_margin_percent": 96.85367524420747,
    "sigma_b_FS_max_MPa": 166.60784398668807,
    "tau_FS_max_MPa": 106.60044920145907,
    "sigma_vm_FS_max_MPa": 248.69487527440359,
    "sigma_FS_allow_MPa": 2000.0,
    "sigma_FS_margin_percent": 87.56525623627982,
    "sigma_b_RS_max_MPa": 104.12990249168006,
    "tau_RS_max_MPa": 115.5509812476708,
    "sigma_vm_RS_max_MPa": 225.6083429193732,
    "sigma_RS_allow_MPa": 2000.0,
    "sigma_RS_margin_percent": 88.71958285403133,
    "y_crit_mm": 0.0,
    "critical_component": "Front Spar",
    "theta_tip_deg": 1.2502507182639602,
    "theta_max_deg": 2.0,
    "M_root_Nm": 297.00854499999997,
    "d_FS_mm": 16.0,
    "t_FS_mm": 0.5,
    "d_RS_mm": 10.0,
    "t_RS_mm": 0.5,
    "eta_FS": 0.7142857142857143,
    "eta_RS": 0.2857142857142857
  },
  "root_reactions": {
    "Fx_N": 0.0,
    "Fy_N": 0.0,
    "Fz_N": 290.26,
    "Mx_Nm": 297.00854499999997,
    "My_Nm": -27.308871129919325,
    "Mz_Nm": 0.0
  },
  "materials": {
    "Spar": "Carbon Fiber UD (longitudinal)",
    "Skin": "PLA (3D Print)",
    "Rib": "PLA (3D Print)"
  },
  "box_beam": {
    "I_box_root_mm4": 14261.4435379756,
    "I_FS_mm4": 731.9420009012105,
    "I_RS_mm4": 168.8115177452389,
    "skin_fraction": 0.9368399477761203
  },
  "buckling": {
    "tau_cr_min_MPa": 0.45904749281018453,
    "sigma_cr_min_MPa": 0.36723799424814757,
    "sigma_skin_comp_max_MPa": 19.233122354494302,
    "R_combined_max": 26.27842772506071,
    "N_Rib_final": 8,
    "rib_feasible": true
  },
  "optimization_history": {
    "total": 138240,
    "accepted": 20,
    "rejection_reasons": {
      "RS interaction exceeded": 480,
      "FS interaction exceeded": 3390,
      "Twist exceeded": 51840
    }
  }
}